query,operator,gpu,quantization,n,n_prompts,wall_time_s,worker_wall_time_s,mean_e2e_latency,throughput_req_per_s
q1_disappointment_filter,disappointment_filter,H100,fp8,100,826,694.664733171463,1.6365278509999825,-1784580125.4250855,1.1890628105286578
q1_disappointment_filter,disappointment_filter,H100,fp8,500,8000,16.814071893692017,14.29000818999998,-1784580121.72281,475.7919468038725
q1_disappointment_filter,disappointment_filter,H100,fp8,1000,21063,46.64208507537842,41.66181294800003,-1784580090.670936,451.5878731827709
q2_technique_summary_per_movie,technique_filter,H100,fp8,100,826,2.4486231803894043,1.7065413909999734,-1784580100.892334,337.33242689822174
q2_technique_summary_per_movie,technique_summary_reduce,H100,fp8,100,30,1.3898518085479736,1.175550674999954,-1784580101.1157002,21.585035048694895
q2_technique_summary_per_movie,technique_filter,H100,fp8,500,8000,16.374179124832153,14.32079086300007,-1784580098.041805,488.5741104338875
q2_technique_summary_per_movie,technique_summary_reduce,H100,fp8,500,245,3.4236021041870117,2.514513653999984,-1784580100.34351,71.56205439305252
q2_technique_summary_per_movie,technique_filter,H100,fp8,1000,21063,42.887107133865356,37.542792437,-1784580091.9861128,491.12662074070795
q2_technique_summary_per_movie,technique_summary_reduce,H100,fp8,1000,526,7.121689081192017,5.251739389000022,-1784580098.2446382,73.8588829143267
q1_disappointment_filter,disappointment_filter,H100,bf16,100,826,681.9696578979492,3.9962708219999286,-1784580946.9166346,1.21119758105661
q1_disappointment_filter,disappointment_filter,H100,bf16,500,8000,18.518912076950073,16.851982410000005,-1784580941.8671381,431.99081926401914
q1_disappointment_filter,disappointment_filter,H100,bf16,1000,21063,47.512558937072754,44.18663494500004,-1784580932.6960585,443.31436721597237
q2_technique_summary_per_movie,technique_filter,H100,bf16,100,826,2.4700100421905518,1.9387902140000506,-1784580947.1041312,334.4115958603367
q2_technique_summary_per_movie,technique_summary_reduce,H100,bf16,100,27,1.4461901187896729,1.3308237290000307,-1784580947.498945,18.669744488778903
q2_technique_summary_per_movie,technique_filter,H100,bf16,500,8000,19.62404775619507,17.51518421700007,-1784580941.572748,407.6630927212506
q2_technique_summary_per_movie,technique_summary_reduce,H100,bf16,500,220,2.8425979614257812,2.530016420000038,-1784580946.7433736,77.39399063300992
q2_technique_summary_per_movie,technique_filter,H100,bf16,1000,21063,49.345097064971924,45.98337595800001,-1784580931.8370094,426.8509183854006
q2_technique_summary_per_movie,technique_summary_reduce,H100,bf16,1000,477,5.461681365966797,4.8673667289999685,-1784580944.9002833,87.33574297693657
